{
  "seed_fill": {
    "txHash": "0xf6831743ae1245ec555eb621fe4d4224cbeb1c5350a5abf7684308f090990c1c",
    "status": "0x1",
    "blockNumber": 88732291,
    "gasUsed": 663574,
    "effectiveGasPriceWei": 275999208124,
    "gasCostPOL": 0.18314589853167518
  },
  "live_fill": {
    "txHash": "0x8fbb99158ded6fd3938f5c2a9a01dce3d39bea4e9cf85f061cf51b5933643015",
    "status": "0x1",
    "blockNumber": 88732615,
    "gasUsed": 419821,
    "effectiveGasPriceWei": 280186408640,
    "gasCostPOL": 0.11762813826165344
  },
  "score_contest": {
    "txHash": "0x8888e83a2170f3c0be45e0939b2a7a3aac800202700a864b549b8f3062b440c5",
    "status": "0x1",
    "blockNumber": 88745219,
    "gasUsed": 664329,
    "effectiveGasPriceWei": 281612331874,
    "gasCostPOL": 0.18708323882152256
  },
  "settle_speculation": {
    "txHash": "0x6fa6b3bc2f69443ef861b49a48de93f8c9126477e973e805ab714679a18402ba",
    "status": "0x1",
    "blockNumber": 88745279,
    "gasUsed": 155619,
    "effectiveGasPriceWei": 278040335094,
    "gasCostPOL": 0.04326835890699318
  },
  "claim_live_taker": {
    "txHash": "0xb50646b16a2c1405df722e327028d6dd84277ec24a0eb5ce694fd3e78a1bebe6",
    "status": "0x1",
    "blockNumber": 88745281,
    "gasUsed": 127375,
    "effectiveGasPriceWei": 280052755431,
    "gasCostPOL": 0.035671719723023625
  },
  "claim_seed_taker": {
    "txHash": "0xbe937782bf650354ad93e07b180aae20ad0bc04ee70b1298425ac04f2e07f7e4",
    "status": "0x1",
    "blockNumber": 88745300,
    "gasUsed": 127375,
    "effectiveGasPriceWei": 286785260727,
    "gasCostPOL": 0.03652927258510162
  },
  "score_callback": {
    "txHash": "0xbebf7b7521a9016eee20b8b727c70a13ef0eb071d8115c310c3198601a3faca8",
    "status": "0x1",
    "blockNumber": 88745227,
    "gasUsed": 315898,
    "effectiveGasPriceWei": 424695802669,
    "gasCostPOL": 0.13416055467153176,
    "operatorControlled": false
  },
  "approve_creator_treasury": {
    "txHash": "0x2388119a2a703f27e94e424a5c9c7ca1b715944e92d29bea4047dffb79ea44f2",
    "status": "0x1",
    "blockNumber": 88732083,
    "gasUsed": 48417,
    "effectiveGasPriceWei": 280202787769,
    "gasCostPOL": 0.013566578375411672,
    "operatorControlled": true
  },
  "approve_seed_taker_treasury": {
    "txHash": "0x35823984dbf5aa39f1630d36547ffd4dd1729bb82abf92a551dbfc2a306e3b6d",
    "status": "0x1",
    "blockNumber": 88732086,
    "gasUsed": 48417,
    "effectiveGasPriceWei": 278643979023,
    "gasCostPOL": 0.013491105532356593,
    "operatorControlled": true
  },
  "approve_live_maker_position": {
    "txHash": "0x4958f5d33988bb8a1a853ad09696d4df2ca0e2ef981019692804acf76f582e6c",
    "status": "0x1",
    "blockNumber": 88732089,
    "gasUsed": 48429,
    "effectiveGasPriceWei": 278519595533,
    "gasCostPOL": 0.013488425492067656,
    "operatorControlled": true
  },
  "create_contest": {
    "txHash": "0x5806157a850237a34f44f110d21bb44d06fd587c10afb7f0d4f6e5db2e932a5f",
    "status": "0x1",
    "blockNumber": 88732152,
    "gasUsed": 1385351,
    "effectiveGasPriceWei": 279286627189,
    "gasCostPOL": 0.38691000826290833,
    "operatorControlled": true
  },
  "contest_verified_callback": {
    "txHash": "0x47c705507b050397f0927968301d9228deeed2ea409c5327972587a3e37d15fa",
    "status": "0x1",
    "blockNumber": 88732160,
    "gasUsed": 343385,
    "effectiveGasPriceWei": 287323654121,
    "gasCostPOL": 0.09866263297033959,
    "operatorControlled": false
  }
}
